line_name,station_name,gate_or_lift_label,gate_type,gate_number,has_lift_inside_gate,exit_landmark,notes
Red Line,Rithala,Lift No.3,lift,3,false,Near Gate No.3 of the Station; near Delhi Jal Board Office,
Red Line,Rohini West,Lift No.3,lift,3,false,Near Gate No.3 of the Station; near Unity Mall,
Red Line,Rohini East,Lift No.3,lift,3,false,Near Gate No.3 of the Station; near Fire Safety Management Office,
Red Line,Pitampura,Lift No.3,lift,3,false,Near Gate No.2 of the Station,
Red Line,Kohat Enclave,Lift No.3,lift,3,false,"Near Gate No.1 of the Station; near Sulabh Toilet Complex, Metro Apartments",
Red Line,Netaji Subhash Place (L-1),Gate No.3,gate,3,false,Via Gate No.3 of the Station,
Red Line,Netaji Subhash Place (L-7),Gate No.1,gate,1,false,In front of Punjab Kesari Building,
Red Line,Not Required,Gate No.2,gate,2,false,"In front of D Mall, Ring Road",
Red Line,Keshav Puram,Lift No.3,lift,3,false,Near Gate No.3&4 of the Station; near Sulabh Toilet Complex,
Red Line,Kanhaiya Nagar,Lift No.3,lift,3,false,Near Gate No.3&4 of the Station; near Sulabh Toilet Complex,
Red Line,Inder Lok (L-1),Lift No.3,lift,3,false,Near Gate No.1 of the Station; towards Big Bazar,
Red Line,Inder Lok (L-5),Lift No.2A,lift,2,false,Near Gate No.5 of the Station; Near Sulabh Toilet Complex,
Red Line,Shastri Nagar,Lift No.3,lift,3,false,"Near Gate No.2 of Station; near Parking Lot, Main Market Side",
Red Line,Pratap Nagar,Lift No.3,lift,3,false,Near Gate No.2 of the Station; Sabzi Mandi Railway Station side,
Red Line,Pulbangash,Lift No.3,lift,3,false,Near Gate No.1 of the Station; towards Raushanara Road,
Red Line,Tis Hazari,Gate No.2,gate,2,false,On GT road from Azad Market side to Kashmere Gate,
Red Line,Shastri Park,Gate No.1,gate,1,false,Approach road from Gandhi Nagar Market,
Red Line,Seelampur,Gate No.1,gate,1,false,From GT Road side towards Delhi,
Red Line,Welcome (L-1),Gate No.1,gate,1,false,From GT Road side towards Delhi,
Red Line,Welcome (L-7),Lift No.4A,lift,4,false,From GT Road side towards Delhi,
Red Line,Shahdara,Gate No.1,gate,1,false,From GT Road side towards Delhi,
Red Line,Mansarovar Park,Lift No.3,lift,3,false,Near Gate No.1 of the Station; near Sulabh Toilet Complex,
Red Line,Jhilmil,Lift No.3,lift,3,false,Near Gate No.1 of the Station; towards Jhilmil Industrial Area,
Red Line,Dilshad Garden,Lift No.3,lift,3,false,Near Gate No.1 of Station; Near 2-Wheeler Parking Lot,
Red Line,Saheed Nagar,Gate No.2,gate,2,false,"GT Road towards Ghaziabad, Transport Area",
Red Line,Raj Bagh,Gate No.1,gate,1,false,On GT Road towards Ghaziabad,
Red Line,Major Mohit Sharma Rajendra Nagar,Gate No.1,gate,1,false,On GT Road towards Ghaziabad,
Red Line,GateNo.2,GateNo.2,gate,2,false,On GT Road towards Delhi,
Red Line,Shyam Park,Gate No.1,gate,1,false,On GT Road towards Ghaziabad,
Red Line,Mohan Nagar,Gate No.1,gate,1,false,On GT Road towards Ghaziabad,
Red Line,Arthala,Gate No.1,gate,1,false,On GT Road towards Ghaziabad,
Red Line,Hindon River,Gate No.1,gate,1,false,On GT Road towards Ghaziabad,
Red Line,Shaheed Sthal New Bus Adda,Gate No.1,gate,1,false,On GT Road towards Ghaziabad,
Red Line,Samaypur Badli,Lift No.3,lift,3,false,Near Gate No.1 of the Station; towards Badli Railway Station,
Red Line,"Rohini Sec-18,19",Lift No.3,lift,3,false,Towards Divya Jyoti Apartments,
Red Line,Haiderpur Badli Mor,Lift No.3,lift,3,false,Near Gate No.2 of the Station; towards DDA Flats & Parking Side,
Red Line,Jahangirpuri,Lift No.3,lift,3,false,Near Gate No.3&4 of Station,
Red Line,Adarsh Nagar,Lift No.3,lift,3,false,Near Gate No.4 of the Station; towards Bhadola Village,
Red Line,Azadpur (L-2 & L-7),Gate No.3,gate,3,false,"Towards Lal Bagh, Azadpur Railway Stadium",
Red Line,Not Required,Gate No.4,gate,4,false,"Towards Chatralshal Stadium, Model Town-3",
Red Line,Model Town,Lift No.3,lift,3,false,"Near Gate No.4 of Station; Near Police Chowki, Alpna Cinema",
Blue Line,Guru Tegh Bahadur Nagar,Lift No. 3,lift,3,false,Near Gate No.1&.5 of the Station; in front of Samrat Hotel,
Blue Line,Vishwavidyalaya,Gate No.2,gate,2,false,Towards Mall Road,
Blue Line,Not Required,Gate No.3,gate,3,false,Towards Delhi University side,
Blue Line,Vidhan Sabha,Lift No.3,lift,3,false,"Near Gate No.1 of Station; towards Vidhan Sabha, Post Office",
Blue Line,Civil Lines,Lift No.3,lift,3,false,Near Gate No.3 of Station; towards Punjab National Bank,
Blue Line,Kashmere Gate (L-1),Gate No.7,gate,7,false,Towards Kashmere Gate ISBT,
Blue Line,Kashmere Gate (L-2),Gate No.1,gate,1,false,"Towards DTC Bus Stand, DTC Bus Terminal",
Blue Line,Kashmere Gate (L-6),Lift No.2C,lift,2,false,"Near Gate No.6 of the Station; towards Lothian Road, G.T.Road",
Blue Line,Chandni Chowk,Lift No.2,lift,2,false,Near Gate No.2 of the Station; near Delhi Public Library,
Blue Line,Chawri Bazar,Gate No.1,gate,1,false,Towards Ajmeri Gate side,
Blue Line,New Delhi,Lift No.2,lift,2,false,"Towards Paharganj, Kamla Market & Rail Yatri Niwas",
Blue Line,Patel Chowk,Lift No.2,lift,2,false,"Near Gate No.1&2 of Station; towards LIC Bldg, Jeevan Tara",
Blue Line,Central Secretariat (L-2),Lift No.3,lift,3,false,Near Gate No.5 of the Station; towards Rail Bhawan,
Blue Line,Central Secretariat (L-6),Lift No.3A,lift,3,false,Near Gate No.3 of the Station; towards India Gate,
Blue Line,Udyog Bhawan,Lift No.3,lift,3,false,Near Gate No.4 of the Station; towards Sunehari Bagh Masjid,
Blue Line,Lok Kalyan Marg,Lift No.2,lift,2,false,Near Gate No.2 of the Station; towards Tuglak Road,
Blue Line,Jor Bagh,Lift No.2,lift,2,false,Near Gate No.2 of Station; towards Airport Authority of India,
Blue Line,Dilli Haat-INA (L-2),Lift No.2,lift,2,false,Near Gate No.1 of the Station; towards Laxmibai Nagar,
Blue Line,Dilli Haat-INA (L-7),Gate No.5,gate,5,false,Towards Delhi Haat,
Blue Line,AIIMS,Lift No.2,lift,2,false,Near Gate No.3 of the Station; towards Safdarganj Hospital,
Blue Line,Green Park,Lift No.2,lift,2,false,Near Gate No.3 of the Station; towards Adiva Hospital,
Blue Line,Hauz Khas (L-8),Gate No.1,gate,1,false,Ring Road towards IIT,
Blue Line,Hauz Khas (L-2),Lift No.2,lift,2,false,Near Gate No.3 of Station; towards Chetan Maha Parbhu Marg,
Blue Line,Malviya Nagar,Lift No.2,lift,2,false,"Near Gate No.1 of Station; towards Shivalik, Geetanjali Colony",
Blue Line,Saket,Lift No.2,lift,2,false,Near Gate No.1 of the Station; near CISF Camp,
Blue Line,Qutab Minar,Gate No.1,gate,1,false,Near Parking Lot.; Dada Badi Mandir,
Blue Line,Not Required,Gate No.2,gate,2,false,Towards Picnic Park,
Blue Line,Chhattarpur,Lift No.3,lift,3,false,Near Gate No.1 of the Station; near Nike showroom,
Blue Line,Sultanpur,Lift No.3,lift,3,false,Near Gate No.2 of Station; near Goyal Farm House,
Blue Line,Ghittorni,Lift No.3,lift,3,false,Near Gate No.2 of Station; near Nandi Greens,
Blue Line,Arjangarh,Lift No.3,lift,3,false,Near Gate No.2 of Station; Near Arjangarh Air Force Station,
Blue Line,Guru Dronacharya,Lift No.3,lift,3,false,Near Gate No.2 of Station; towards Garden Estate,
Blue Line,Sikanderpur,Lift No.3,lift,3,false,"Near Gate No.1 of Station; DLF Phase- I, Bristol Hotel",
Blue Line,MG Road,Lift No.3,lift,3,false,Near Gate No.1 of Station / City Centre Mall,
Blue Line,IFFCO Chowk,Lift No. 3,lift,3,false,Near Gate No.2 of the Station; near MB Road,
Blue Line,HUDA City Center,Gate No.1,gate,1,false,In front of Fortis Hospital,
Blue Line,Not Required,Gate No.3,gate,3,false,Near Unitech Business Park,
Blue Line,Dwarka Sector-21,Main Gate,main_gate,main,false,Station Access from service road to Sector-22 Road,
Blue Line,Dwarka Sector-8,Gate No.1,gate,1,false,Near Gate No.1 of the station,
Blue Line,Dwarka Sector-9,Gate No.1,gate,1,false,Near NEXA showroom,
Blue Line,Not Required,Gate No.2,gate,2,false,Service Road towards DCP office,
Blue Line,Dwarka Sector-10,Gate No.1,gate,1,false,Service Road towards District Court,
Blue Line,Not Required,Gate No.2,gate,2,false,Service road towards Welcome Hotel,
Blue Line,Dwarka Sector-11,Gate No.1,gate,1,false,"Towards Amberhai Village, Pochanpur Village",
Blue Line,Not Required,Gate No.2,gate,2,false,Towards St. Gregorious School,
Blue Line,Dwarka Sector-12,Gate No.1,gate,1,false,Towards SAM International School,
Blue Line,Not Required,Gate No.2,gate,2,false,Towards City Center Mall,
Blue Line,Dwarka Sector-13,Gate No.1,gate,1,false,Towards Abhinav Global School,
Blue Line,Not Required,Gate No.2,gate,2,false,In front of Reliance Fresh Mall,
Blue Line,Dwarka Sector-14,Gate No.1,gate,1,false,Towards Indraprastha University,
Blue Line,Not Required,Gate No.2,gate,2,false,Towards Nirmal Bharati Public School,
Blue Line,Dwarka,Gate No.2,gate,2,false,Towards Dr. Shahib Singh Verma Stadium,
Blue Line,Dwarka Mor,Lift No.3,lift,3,false,Near Gate No.2; near Sulabh Toilet Complex,
Blue Line,Nawada,Lift No.3,lift,3,false,Near Gate No.2 of Station; towards Mata Roop Rani Hospital,
Blue Line,Uttam Nagar West,Lift No.3,lift,3,false,Near Gate No.3 of Station; near Parking Lot (South side),
Blue Line,Uttam Nagar East,Lift No.3,lift,3,false,Near Gate No.1 of the Station; towards DTC Bus Terminal,
Blue Line,Janak Puri West (L-3),Lift No.4,lift,4,false,Near Gate No.1 of the Station; towards Vikas Puri,
Blue Line,Janak Puri West (L-8),Gate No.2,gate,2,false,Towards Unity One Mall,
Blue Line,Janak Puri East,Lift No.3,lift,3,false,Near Gate No.1 of the Station; towards Mahavir Nagar,
Blue Line,Tilak Nagar,Lift No.4,lift,4,false,"Near Gate No.3 of the Station; towards Jail Road, Ashok Nagar",
Blue Line,Subhash Nagar,Lift No.3,lift,3,false,Between Gate No.2 of the Station; towards Pacific Mall,
Blue Line,Tagore Garden,Lift No.3,lift,3,false,Near Gate No.3&4 of the Station; towards MIG Green Flats,
Blue Line,Rajouri Garden (L-3),Gate No.1,gate,1,false,Towards MTNL office,
Blue Line,Not Required,Gate No.1,gate,1,false,Near Raja Garden Flyover,
Blue Line,Rajouri Garden (L-7),Gate No.2,gate,2,false,Towards West Gate Mall,
Blue Line,Ramesh Nagar,Lift No.3,lift,3,false,Near Gate No.1&2 of Station; towards Basai Darapur & Parking lot of DMRC,
Blue Line,Moti Nagar,Lift No.3,lift,3,false,Near Gate No.1 of the Station; towards Moti Nagar Market,
Blue Line,Kirti Nagar (L-3&5),Gate No.1,gate,1,false,Adjacent to Shadipur Flyover going towards Moti Nagar,
Blue Line,Shadipur,Lift No.3,lift,3,false,Near Gate No.4 of the Station; towards Shanti Palace Hotel,
Blue Line,Patel Nagar,Lift No.4,lift,4,false,"Near Gate No.2 of the Station; towards Dominos, KFC",
Blue Line,Rajendra Place,Lift No.3,lift,3,false,Near Gate No.1 of the Station; near Rajendra Place Bhawan,
Blue Line,Karol Bagh,Gate No.1,gate,1,false,Towards Karol Bagh Market,
Blue Line,Jhandewalan,Lift No.3,lift,3,false,Between Gate No.1&2 of Station; Videocon Tower side,
Blue Line,Ramkrishna Ashram Marg,Lift No.3,lift,3,false,Near Gate No.1 of the Station; towards Ramakrishna Mission,
Blue Line,Rajiv Chowk,Lift No.5,lift,5,false,Near Gate No.1&2 of the Station; near Block B,
Blue Line,Barakhamba Road,Lift No.3,lift,3,false,Near Ashoka Estate Building,
Blue Line,Mandi House (L-3),Lift No.3,lift,3,false,Near Gate No.1 of Station; on Sikandra Road,
Blue Line,Mandi House (L-6),Lift No.2A,lift,2,false,"Near Gate No.4 of the Station; towards Sikandra Road, NSD",
Blue Line,Pragati Maidan,Lift No.3,lift,3,false,Near Gate No.2 of the Station; near Mathura Road,
Blue Line,Indraprastha,Lift No.3,lift,3,false,Near Pragati Power Station & Sulabh Toilet Complex,
Blue Line,Yamuna Bank,Gate No.1,gate,1,false,"Near Metro Police Station, Metro Staff Quarters",
Blue Line,Akshardham,Gate No.1,gate,1,false,Towards NOIDA Link Road,
Blue Line,Mayur Vihar-1 (L-3),Lift No.2,lift,2,false,Near Gate No.2 of the Station; towards Mayur Vihar Extn.,
Blue Line,Mayur Vihar-1 (L-7),Lift No.4A,lift,4,false,Near Gate No.4 of the Station; towards Rishabh Public School,
Blue Line,Mayur Vihar Extn.,Lift No.2,lift,2,false,Near Gate No.2 of the Station; towards Glore Appt.,
Blue Line,New Ashok Nagar,Lift No.3,lift,3,false,Near Gate No.1 of the Station; towards KFC Side,
Blue Line,NOIDA Sector-15,Lift No.3,lift,3,false,Near Gate No.2 of the Station; towards NAIVD,
Blue Line,NOIDA Sector-16,Lift No.3,lift,3,false,"Near Gate No.2 of Station; towards NOIDA Sector-16, Film City",
Blue Line,NOIDA Sector-18,Lift No.3,lift,3,false,Near Gate No.1 of the Station; towards Atta market,
Blue Line,Botanical Garden (L-3),Lift No.3,lift,3,false,Near Gate No.1 of the Station; towards DHL,
Blue Line,Botanical Garden (L-8),Lift No.4A,lift,4,false,Near Gate No.3 of Station; towards Botanical Garden Republic,
Green Line,Golf Course,Lift No.3,lift,3,false,Near Gate No.1 of Station; towards Shashi Chowk,
Green Line,NOIDA City Center,Gate No.1,gate,1,false,Towards Parking Lot of the Station,
Green Line,Sector-34 NOIDA,Lift No.3,lift,3,false,Near Gate No.1 of the Station; towards NOIDA Sector-34,
Green Line,Sector-52 NOIDA,Lift No.3,lift,3,false,Near Gate No.2 of the Station; Road Cap.Shashikant Marg towards Sec-34,
Green Line,Sector-61 NOIDA,Lift No.3,lift,3,false,"Near Gate No.1 of the Station; towards Sai Baba Mandir, Sec-61",
Green Line,Sector-59 NOIDA,Lift No.3,lift,3,false,Near Gate No.1 of the Station; towards Uflex ltd. Film Business,
Green Line,Sector-62 NOIDA,Lift No.3,lift,3,false,Near Gate No.1 of Station; towards Fortis Hospital,
Green Line,NOIDA Electronic City,Lift No.3,lift,3,false,Near Gate No.1 of the Station; towards Sec-63,
Green Line,Laxmi Nagar,Lift No.3,lift,3,false,Near Gate No.1 of the Station; near Vijay Chowk,
Green Line,Nirman Vihar,Lift No.3,lift,3,false,Near Gate No.1 of the Station; near V3S Mall,
Green Line,Preet Vihar,Lift No.3,lift,3,false,Near Station's Gate No.2 / Preet Vihar Comm. Complex/CBSE Bldg.,
Green Line,Karkarduma (L-4),Gate No.1,gate,1,false,Towards Karkardooma Village,
Green Line,Karkarduma (L-7),Gate No.3,gate,3,false,Towards Karkardooma Village,
Green Line,Anand Vihar ISBT (L-4&7),Gate No.1,gate,1,false,Towards Bus Stand,
Green Line,Kaushambi,Lift No.3,lift,3,false,"Near Gate No.1 of Station; near Yashoda Hospital, Wave Cinema",
Green Line,Vaishali,Gate No.1,gate,1,false,Common ramp for Gate No.1 & Lift No.3,
Green Line,Brig. Hoshiar Singh,Lift No.3,lift,3,false,Near Gate No.1 of the station; towards Devilal Park,
Green Line,Bahadurgarh City,Lift No.3,lift,3,false,Near Gate No.1 of the station; towards Bus Terminal,
Green Line,Pandit Shri Ram Sharma,Lift No.3,lift,3,false,Near Gate No.1 of station; towards IFB Show room and AXIS Bank,
Green Line,Tikri Border,Lift No.3,lift,3,false,Near Gate No.1 of the station; towards Govt. Sarvodaya School,
Green Line,Tikri Kalan,Lift No.3,lift,3,false,Near Gate No.1 of the station; towards Station Parking,
Green Line,Ghevra,Lift No.3,lift,3,false,Near Gate No.1 of the station; towards Sahib Singh Sathal,
Green Line,Mundka Industrial Area,Lift No.3,lift,3,false,Near Gate No.2 of station; towards Lok Nayak Puram DDA Flats side,
Green Line,Mundka,Lift No.3,lift,3,false,Near Gate No.2 of station; towards Mundka Indl Area & Parking Side,
Green Line,Rajdhani Park,Lift No.3,lift,3,false,Near Gate No.1 of the station; towards Timber Market,
Green Line,Nangloi Railway Station,Lift No.3,lift,3,false,Near Gate No.1 of the station; towards Rajinder Park Colony Side,
Green Line,Nangloi,Lift No.3,lift,3,false,Near Gate No.1 of the station; Near DMRC Parking Lolt,
Green Line,Maharaja Surajmal Stadium,Lift No.3,lift,3,false,Near Gate No.2 of station; towards Maharaja Surajmal Stadium,
Green Line,Udyog Nagar,Lift No.3,lift,3,false,Near Gate No.2 of station; towards Udyog Nagar Indl Area,
Green Line,Peeragarhi,Lift No.3,lift,3,false,Near Gate No.1 of station; towards Miyawali Nagar & Parking side,
Green Line,Paschim Vihar West,Lift No.3,lift,3,false,Near Gate No. 1 of the station; towards DDA Flats Shakti Kunj,
Green Line,Paschim Vihar East,Lift No.3,lift,3,false,Near Gate No.1 of station; towards Bharti Vidyapeeth College Side,
Green Line,Madi Pur,Lift No.3,lift,3,false,Near Gate No.2 of station; towards Railway Reservation Center,
Green Line,Shivaji Park,Lift No.3,lift,3,false,Near Gate No.1 of station; towards DCP office near to HP Petrol Pump,
Green Line,Punjabi Bagh,Lift No.3,lift,3,false,Near Gate No.1 of station; adjacent to Service Road/towards Parking Side,
Green Line,Ashok Park Main,Lift No.3,lift,3,false,Near Gate No.2 of station; adjacent to Service Road,
Green Line,Satguru Ram Singh Marg,Gate No.1,gate,1,false,Near Gate No.1 of the Station; adjacent to Patel Nagar Rly Stn,
Green Line,Lal Quila,Lift No.2,lift,2,false,Between Gate No.1 & 2 of Station; near Lajpat Rai Market,
Green Line,Jama Masjid,Lift No.2,lift,2,false,Near Gate No.1 of the Station; near Kasturba Hospital,
Green Line,Delhi Gate,Lift No.2,lift,2,false,Near Gate No.2 of the Station; near LNJP Hospital,
Green Line,Janpath,Lift No.2,lift,2,false,Near Gate No.2 of the Station; towards the Imperial Hotel,
Green Line,Khan Market,Lift No.2,lift,2,false,Near Gate No.4 of the Station; towards Humayun Road,
Green Line,JLN Stadium,Lift No.2,lift,2,false,Near Gate No.1 of Station; towards DTC Depot,
Green Line,Jangpura,Lift No.3,lift,3,false,"Near Gate No.1 of Station; towards MTNL Building, Soochna Bhawan",
Green Line,Lajpat Nagar (L-6),Lift No.3,lift,3,false,Near Gate No.1 of the Station; towards Lajpat Nagar-2 (A-Block),
Green Line,Lajpat Nagar (L-7),Lift No. 2A,lift,2,false,Near Gate No.5 of the Station; towards Central market,
Green Line,Moolchand,Gate No.1,gate,1,false,"Near Amar Colony, Kailash Colony",
Green Line,Kailash Colony,Gate No.1,gate,1,false,Near East of Kailash (Block-E),
Green Line,Nehru Place,Gate No.1,gate,1,false,Near TDI Mall,
Green Line,Kalkaji Mandir(L-6),Lift No.3,lift,3,false,Near Gate No.1 of the Station; beside BIG Bazar entrance,
Green Line,Kalkaji Mandir(L-8),Lift No.5A,lift,5,false,Near Gate No.3&4 of the Station; infront of Fire Station,
Green Line,Govindpuri,Lift No.3,lift,3,false,"Near Gate No.1 of Station; near Chandiwala Hospital, NSIC Grand",
Green Line,Harkesh Nagar Okhla,Lift No.3,lift,3,false,Near Gate No.3&4 of the Station; near Okhla market,
Green Line,Jasola Apollo,Lift No.3,lift,3,false,Near Gate No.1 of the Station; near Apollo Hospital,
Green Line,Sarita Vihar,Lift No. 3,lift,3,false,"Near Gate No.1 of Station; near Sarita Vihar, Mohan Industrial Estate",
Green Line,Mohan Estate,Lift No. 3,lift,3,false,Near Gate No.1 of the Station; on Mathura Road towards Delhi,
Green Line,Tughalkabad Station,Gate No.1,gate,1,false,Near Tugalkabad Railway Station,
Green Line,Badarpur Border,Lift No.3,lift,3,false,Near Gate No.2 of the Station; near IIHM,
Green Line,Sarai,Gate No.2,gate,2,false,Near Gate No.1 of the Station; near L&T Office,
Green Line,NHPC Chowk,Lift No.3,lift,3,false,"Between Gate No.2 of Station; near HCP Head Office, Jiva Ayurveda",
Green Line,Mewala Maharajpur,Lift No.3,lift,3,false,"Near Gate No.1 of the Station; near Sec-31, Sec-30",
Green Line,Sector-28,Lift No.3,lift,3,false,"Near Gate No.1&2 of the Station; near Sec-28, Sec-30, SRS Cinema",
Green Line,Badkal Mor,Lift No.3,lift,3,false,Between Gate No.1&2 of station; towards Vardman Multiplex Mall,
Green Line,Old Faridabad,Lift No.3,lift,3,false,Between Gate No.1&2 of station; towards Sec-15/16 & Park Hospital,
Green Line,Neelam Chowk Ajronda,Lift No.3,lift,3,false,Near Gate No.2 of station; towards Crown Plaza and PVR Cinema,
Green Line,Bata Chowk,Lift No.3,lift,3,false,Between Gate No.1&2 of the station; towards Eldfco Mall,
Green Line,Escorts Mujesar,Lift No.3,lift,3,false,Near Gate No.2 of the station; towards YMCA College / Chowk,
Pink Line,Sant Surdas (Sihi),Lift No.3,lift,3,false,Near Gate No.2 of station; Sihi Gaon Side,
Pink Line,Raja Nahar Singh (Ballabhgarh),Lift No.3,lift,3,false,Near Gate No.1 of station; towards Ballabgarh Bus Stand,
Pink Line,Majlis Park,Gate No.1,gate,1,false,"On service road of Ring Road [towards Mukundpur] Common Ramp for Gate No.1 & Gate No,2",
Pink Line,Not Required,Gate No.2,gate,2,false,Not Required,
Pink Line,Shalimar Bagh,Lift No.2,lift,2,false,Between Gate No.1&2; towards Shalimar Bagh Residential Area,
Pink Line,Shakurpur,Lift No.3,lift,3,false,Near Gate No.1 of station; towards Sakur Basti adjacent to Ring Road,
Pink Line,Punjabi Bagh West,Lift No.3,lift,3,false,Near Gate No.2 of station; towards Punjabi Bagh Xing adjacent to Ring Road,
Pink Line,ESI Basaidarapur,Lift No.3,lift,3,false,Near Gate No.1 of the station; adjacent to Ring Road,
Pink Line,Mayapuri,Lift No.3,lift,3,false,Near Gate No.2 of the station; towards Maya Puri Depot,
Pink Line,Nariana Vihar,Lift No.2,lift,2,false,Near Gate No.2 of the station; towards Nariana Village,
Pink Line,Delhi Cantt.,Lift No.3,lift,3,false,Near to Gate No.1 of the Station; towards Army Medical College,
Pink Line,Durgabai Deshmukh South Campus,Lift No.3,lift,3,false,Near Gate No.2 of the station; towards Sri Venkateshwar College,
Pink Line,Sir M. Vishweshwaraiah Moti Bagh,Lift No.3,lift,3,false,Near Gate No.2 of the station;towards Rao Tula Ram Marg,
Pink Line,Bhikaji Cama Place,Lift No.2,lift,2,false,Near Gate No.1 of the Station; towards Petrol Pump NBCC Flats,
Pink Line,Sarojini Nagar,Lift No.2,lift,2,false,Between Gate No.1&2 of Station; towards Sarojini Nagar Market,
Pink Line,South Extension,Lift No.2,lift,2,false,Near Gate No.4 of the Station; towards South Ext. Part-II,
Pink Line,Vinobapuri,Lift No.2,lift,2,false,Near Gate No.1 of the Station; towards SHKS Bal Vidyalaya,
Pink Line,Ashram,Lift No.3,lift,3,false,Near Gate No.3 of the Station; towards Ashram Chowk,
Pink Line,Sarai Kale Khan-Nizamuddin,Lift No.2,lift,2,false,Near Gate No.2 of the Station; towards Railway Station Side,
Pink Line,Mayur Vihar Pocket 1,Lift No.3,lift,3,false,"Near Gate No.1 of Station; towards Pocket 1&2, Kalibari Mandir",
Pink Line,Trilokpuri-Sanjay Lake,Lift No.3,lift,3,false,Near Gate No.1 of the Station; towards Sanjay Lake,
Pink Line,East Vinod Nagar-Mayur Vihar Phase-II,Lift No.3,lift,3,false,Near Gate No.1 of the Station; near Super Shine Chowk,
Pink Line,Mandawali-West Vinod Nagar,Lift No.3,lift,3,false,"Beside Gate No.1 of Station; near DJB, Ras Vihar Apartment",
Pink Line,I.P. Extension,Lift No.3,lift,3,false,Near Gate No.1 of the Station; near Max Hospital,
Pink Line,Karkarduma Court,Lift No.3,lift,3,false,Near Gate No.2 of the Station; towards Karkardooma Court Side,
Pink Line,Krishna Nagar,Lift No.3,lift,3,false,Near Gate No.1 of the Station; towards Krishana Nagar Market,
Pink Line,East Azad Nagar,Lift No.3,lift,3,false,Near Gate No.1 of the Station; towards Swarn Cinema Road,
Pink Line,Jaffrabad,Lift No.3,lift,3,false,Near Gate No.1 of the Station; towards Zeenat Mahal School,
Pink Line,Maujpur-Babarpur,Lift No.4,lift,4,false,Between Gate No.1&2 of the Station; towards Maujpur,
Pink Line,Gokulpuri,Lift No.3,lift,3,false,Near Gate No.2 of the Station; towards Police Station Dayal Pur,
Pink Line,Johri Enclave,Lift No.3,lift,3,false,Near Gate No.1 of the Station; on Loni main road towards Loni,
Pink Line,Shiv Vihar,Lift No.3,lift,3,false,Near Gate No.1 of the Station; on Loni main road towards Loni,
Magenta Line,Dabri Mor-Janakpuri South,Lift No.2,lift,2,false,Behind of Gate No.1 of Station; towards Dabri More Pankha Road,
Magenta Line,Dhasrathpuri,Lift No.2,lift,2,false,"Near Gate No.1 of Station; towards General Market Sec-1A, Dwarka",
Magenta Line,Palam,Lift No.2,lift,2,false,Near Gate No.3 of the Station; towards Police Station Palam,
Magenta Line,Sadar Bazar Cantonment,Lift No.3,lift,3,false,Near Gate No.1 of the Station; towards Dwarka Road,
Magenta Line,Terminal-1 IGI Airport,Lift No.5,lift,5,false,Near Gate No.1 of the Station; towards Mehram Nagar,
Magenta Line,Shankar Vihar,Gate No.1,gate,1,false,Towards Army School side,
Magenta Line,Vasant Vihar,Lift No.2,lift,2,false,Near Gate No.4 of the Station; towards Jharkhand & Mizoram Bhawan,
Magenta Line,Munirka,Lift No.2,lift,2,false,Near Gate No.1 of the Station; towards CPWD colony,
Magenta Line,R K Puram,Lift No.2,lift,2,false,Near Gate No.3 of the Station; towards Ber Sarai,
Magenta Line,Panchsheel Park,Lift No.2,lift,2,false,Near Gate No.1 of the Station; near Ring Road,
Magenta Line,Chirag Delhi,Lift No.2,lift,2,false,Near Gate No.2 of Station; on Ring Road towards Greater Kailash,
Magenta Line,Greater Kailash,Lift No.2,lift,2,false,Near Gate No.2 of the Station; near Pamposh Enclave,
Magenta Line,Nehru Enclave,Lift No.2,lift,2,false,Near Gate No.3 of the Station; near Bhairav Mandir,
Magenta Line,Okhla N.S.I.C.,Lift No.3,lift,3,false,Near Gate No.2 of the Station,
Magenta Line,Sukhdev Vihar,Lift No.3,lift,3,false,Near Gate No.1&3 of the Station; near Fortis Escorts Heart Hospital,
Magenta Line,Jamia Millia Islamia,Lift No.3,lift,3,false,Near Gate No.1 of the Station; near Jamia Milia Campus,
Magenta Line,Okhla Vihar,Lift No.3,lift,3,false,Near of Gate No.1 of the Station; near Hari Kathi Road,
Magenta Line,Jasola Vihar Shaheen Bagh,Lift No.4,lift,4,false,"Near Gate No.1 of Station; near Jasola Sec-8, Good Samartian School",
Magenta Line,Kalinidi Kunj,Lift No.3,lift,3,false,Near Gate No.1 of the Station,
Magenta Line,Okhla Bird Sanctuary,Lift No.3,lift,3,false,Near Gate No.1 of the Station,
Magenta Line,New Delhi(AEL),Main Entrance Ajmeri Gate,main_gate,main,false,"Near Vabhuti Marg, Ajmeri Gate",
Magenta Line,Shivaji Stadium,"Lift No.3,4&5 are availble after Secutiy Check Point",lift,3,false,Service Path to Metro Station,
Magenta Line,Dhaula Kuan,Lift No.3,lift,3,false,Near Gate No.1 of the station [Facing Ridge Area],
Magenta Line,Delhi Aerocity,Gate No.1,gate,1,false,Towards Mahipalpur side,
Magenta Line,Not Required,Gate No.2,gate,2,false,Toward Hotels side,
Magenta Line,Airport,Main Gate,main_gate,main,false,In front of Pillar No.10&11; Airport arrival,
